<?xml version="1.0" encoding="UTF-8"?>
<!--
    Licensed to the Apache Software Foundation (ASF) under one
    or more contributor license agreements. See the NOTICE file
    distributed with this work for additional information
    regarding copyright ownership. The ASF licenses this file
    to you under the Apache License, Version 2.0 (the
    "License"); you may not use this file except in compliance
    with the License. You may obtain a copy of the License at

    http://www.apache.org/licenses/LICENSE-2.0

    Unless required by applicable law or agreed to in writing,
    software distributed under the License is distributed on an
    "AS IS" BASIS, WITHOUT WARRANTIES OR CONDITIONS OF ANY
    KIND, either express or implied. See the License for the
    specific language governing permissions and limitations
    under the License.
-->
<rss version="2.0" xmlns:atom="http://www.w3.org/2005/Atom">
  <channel>
    <title>James Website</title>
    <description>Write an awesome description for your new site here. You can edit this line in _config.yml. It will appear in your document head meta (for Google search results) and in your feed.xml site description.
</description>
    <link>http://localhost:4000/</link>
    <atom:link href="http://localhost:4000/feed.xml" rel="self" type="application/rss+xml"/>
    <pubDate>Thu, 13 Apr 2017 17:12:16 +0700</pubDate>
    <lastBuildDate>Thu, 13 Apr 2017 17:12:16 +0700</lastBuildDate>
    <generator>Jekyll v3.4.3</generator>
    
      <item>
        <title>Apache James Server 3.0-beta5</title>
        <description>&lt;p&gt;James server 3.0.0-beta5 has been released.&lt;/p&gt;

&lt;p&gt;Early adopters can &lt;a href=&quot;http://james.apache.org/download.cgi#Apache_James_Server&quot;&gt;download it&lt;/a&gt;, any issue can be reported on our issue &lt;a href=&quot;https://issues.apache.org/jira/browse/JAMES&quot;&gt;tracker&lt;/a&gt;.&lt;/p&gt;

</description>
        <pubDate>Sat, 19 Nov 2016 21:13:22 +0700</pubDate>
        <link>http://localhost:4000/james/update/2016/11/19/james-3.0.html</link>
        <guid isPermaLink="true">http://localhost:4000/james/update/2016/11/19/james-3.0.html</guid>
        
        
        <category>james</category>
        
        <category>update</category>
        
      </item>
    
      <item>
        <title>New logo</title>
        <description>&lt;p&gt;We choosed a new logo!&lt;/p&gt;

&lt;p&gt;&lt;img src=&quot;/images/james-logo.png&quot; alt=&quot;New James logo&quot; /&gt;&lt;/p&gt;
</description>
        <pubDate>Wed, 19 Oct 2016 21:13:22 +0700</pubDate>
        <link>http://localhost:4000/james/update/2016/10/19/james-3.0.html</link>
        <guid isPermaLink="true">http://localhost:4000/james/update/2016/10/19/james-3.0.html</guid>
        
        
        <category>james</category>
        
        <category>update</category>
        
      </item>
    
      <item>
        <title>Apache James Server 3.0</title>
        <description>&lt;p&gt;We are currently working on the release.&lt;/p&gt;

&lt;p&gt;Keep an eye on the &lt;a href=&quot;http://james.apache.org/newsarchive.html&quot;&gt;news&lt;/a&gt;, we are planning to release the next version in November.&lt;/p&gt;

</description>
        <pubDate>Mon, 19 Sep 2016 21:13:22 +0700</pubDate>
        <link>http://localhost:4000/james/update/2016/09/19/james-3.0.html</link>
        <guid isPermaLink="true">http://localhost:4000/james/update/2016/09/19/james-3.0.html</guid>
        
        
        <category>james</category>
        
        <category>update</category>
        
      </item>
    
      <item>
        <title>JMAP implementation</title>
        <description>&lt;p&gt;Full text search via JMAP.&lt;/p&gt;

&lt;p&gt;Full text search via the &lt;em&gt;getMessageList&lt;/em&gt; JMAP command is now supported.&lt;/p&gt;

&lt;p&gt;The JMAP search &lt;strong&gt;filtering&lt;/strong&gt; parameter is converted to an internal &lt;em&gt;SearchQuery&lt;/em&gt;; then this query is processed by your
binded search backend.&lt;/p&gt;

</description>
        <pubDate>Tue, 19 Jul 2016 21:13:22 +0700</pubDate>
        <link>http://localhost:4000/james/update/2016/07/19/jmap.html</link>
        <guid isPermaLink="true">http://localhost:4000/james/update/2016/07/19/jmap.html</guid>
        
        
        <category>james</category>
        
        <category>update</category>
        
      </item>
    
      <item>
        <title>JMAP implementation</title>
        <description>&lt;p&gt;Read and Send message with attachments.&lt;/p&gt;

&lt;p&gt;You can now send and read messages with attachments through the JMAP commands &lt;em&gt;setMessages&lt;/em&gt; and &lt;em&gt;getMessages&lt;/em&gt;.&lt;/p&gt;

&lt;p&gt;Those attachments are uploaded via the &lt;em&gt;/upload&lt;/em&gt; and downloaded via the &lt;em&gt;/download&lt;/em&gt; JMAP endpoints.&lt;/p&gt;
</description>
        <pubDate>Sat, 09 Jul 2016 21:13:22 +0700</pubDate>
        <link>http://localhost:4000/james/update/2016/07/09/jmap.html</link>
        <guid isPermaLink="true">http://localhost:4000/james/update/2016/07/09/jmap.html</guid>
        
        
        <category>james</category>
        
        <category>update</category>
        
      </item>
    
      <item>
        <title>JMAP implementation</title>
        <description>&lt;p&gt;We are now supporting all basic operations on mailboxes:&lt;/p&gt;

&lt;ul&gt;
  &lt;li&gt;creating: through the &lt;em&gt;setMailboxes&lt;/em&gt; JMAP command&lt;/li&gt;
  &lt;li&gt;reading: through the &lt;em&gt;getMailboxes&lt;/em&gt; JMAP command&lt;/li&gt;
  &lt;li&gt;updating: through the &lt;em&gt;setMailboxes&lt;/em&gt; JMAP command&lt;/li&gt;
  &lt;li&gt;deleting: through the &lt;em&gt;setMailboxes&lt;/em&gt; JMAP command&lt;/li&gt;
&lt;/ul&gt;
</description>
        <pubDate>Mon, 09 May 2016 21:13:22 +0700</pubDate>
        <link>http://localhost:4000/james/update/2016/05/09/jmap.html</link>
        <guid isPermaLink="true">http://localhost:4000/james/update/2016/05/09/jmap.html</guid>
        
        
        <category>james</category>
        
        <category>update</category>
        
      </item>
    
      <item>
        <title>JMAP implementation</title>
        <description>&lt;p&gt;We are actively working on implementing JMAP protocol into James.&lt;/p&gt;

&lt;p&gt;&lt;a href=&quot;http://jmap.io&quot;&gt;JMAP&lt;/a&gt; is a transport-agnostic, stateless JSON-based API for synchronising a mail client with a mail server.&lt;/p&gt;

&lt;p&gt;It allows to develop easily a mail client in a browser, without the pain of using a server to proxy IMAP commands.&lt;/p&gt;

&lt;p&gt;Feel free to help us, you can see our advancement on the specification implementation into &lt;a href=&quot;https://github.com/apache/james-project/tree/master/server/protocols/jmap/doc/specs&quot;&gt;jmap/doc&lt;/a&gt;&lt;/p&gt;

</description>
        <pubDate>Tue, 09 Feb 2016 21:13:22 +0700</pubDate>
        <link>http://localhost:4000/james/update/2016/02/09/jmap.html</link>
        <guid isPermaLink="true">http://localhost:4000/james/update/2016/02/09/jmap.html</guid>
        
        
        <category>james</category>
        
        <category>update</category>
        
      </item>
    
      <item>
        <title>Moving to GIT!</title>
        <description>&lt;p&gt;All James projects has been migrated from SVN to GIT.&lt;/p&gt;

&lt;p&gt;Here are the links to your favorite projects:&lt;/p&gt;

&lt;ul&gt;
  &lt;li&gt;&lt;a href=&quot;https://git-wip-us.apache.org/repos/asf?p=james-project.git&quot;&gt;james-project&lt;/a&gt;&lt;/li&gt;
  &lt;li&gt;&lt;a href=&quot;https://git-wip-us.apache.org/repos/asf?p=james-jdkim.git&quot;&gt;james-jdkim&lt;/a&gt;&lt;/li&gt;
  &lt;li&gt;&lt;a href=&quot;https://git-wip-us.apache.org/repos/asf?p=james-jsieve.git&quot;&gt;james-jsieve&lt;/a&gt;&lt;/li&gt;
  &lt;li&gt;&lt;a href=&quot;https://git-wip-us.apache.org/repos/asf?p=james-jspf.git&quot;&gt;james-jspf&lt;/a&gt;&lt;/li&gt;
  &lt;li&gt;&lt;a href=&quot;https://git-wip-us.apache.org/repos/asf?p=james-mime4j.git&quot;&gt;james-mime4j&lt;/a&gt;&lt;/li&gt;
  &lt;li&gt;&lt;a href=&quot;https://git-wip-us.apache.org/repos/asf?p=james-postage.git&quot;&gt;james-postage&lt;/a&gt;&lt;/li&gt;
&lt;/ul&gt;

</description>
        <pubDate>Tue, 09 Feb 2016 21:13:22 +0700</pubDate>
        <link>http://localhost:4000/james/update/2016/02/09/moving-to-git.html</link>
        <guid isPermaLink="true">http://localhost:4000/james/update/2016/02/09/moving-to-git.html</guid>
        
        
        <category>james</category>
        
        <category>update</category>
        
      </item>
    
      <item>
        <title>James modules merge into james-project</title>
        <description>&lt;p&gt;Some of James modules were merged into &lt;a href=&quot;https://git-wip-us.apache.org/repos/asf?p=james-project.git;a=tree&quot;&gt;james-project&lt;/a&gt;.&lt;/p&gt;

&lt;p&gt;This change was done in order to speed up our development phase before the 3.0 release and as long as important changes are needed on the API.&lt;/p&gt;

&lt;p&gt;The modules merged are: james-server, apache-james-mailbox, apache-mailet, apache-james-mpt, protocols.&lt;/p&gt;

</description>
        <pubDate>Fri, 08 Jan 2016 21:13:22 +0700</pubDate>
        <link>http://localhost:4000/james/update/2016/01/08/module-merge.html</link>
        <guid isPermaLink="true">http://localhost:4000/james/update/2016/01/08/module-merge.html</guid>
        
        
        <category>james</category>
        
        <category>update</category>
        
      </item>
    
      <item>
        <title>Apache James Server 2.3.2.1 released</title>
        <description>&lt;p&gt;Guice injection is now available in a new &lt;a href=&quot;https://github.com/apache/james-project/tree/trunk/server/container/cassandra-guice/&quot;&gt;Java project&lt;/a&gt;. Feel free to try it!&lt;/p&gt;

</description>
        <pubDate>Thu, 08 Oct 2015 21:13:22 +0700</pubDate>
        <link>http://localhost:4000/james/update/2015/10/08/james-2.3.1.html</link>
        <guid isPermaLink="true">http://localhost:4000/james/update/2015/10/08/james-2.3.1.html</guid>
        
        
        <category>james</category>
        
        <category>update</category>
        
      </item>
    
  </channel>
</rss>
